animaId,skillId,learnLevel
test_anima_joy,sample_slash,1
test_anima_joy,sample_joy,1
test_anima_joy,sample_joy_all,1
test_anima_joy,sample_heal,1
test_anima_anger,sample_fire,1
test_anima_anger,sample_slash,1
test_anima_anger,sample_attack_up,1
test_ally_anima_love,sample_love,1
test_ally_anima_love,sample_heal,1
test_ally_anima_love,sample_fear_state,1
test_ally_anima_anger,sample_fire,1
test_ally_anima_anger,sample_slash,1
test_ally_anima_anger,sample_attack_up,1
test_ally_anima_fear,sample_fear,1
test_ally_anima_fear,sample_strike,1
test_ally_anima_fear,sample_despair,1
test_enemy_anima,sample_fire,1
test_enemy_anima,sample_joy_all,1
test_enemy_anima_love,sample_hatred,1
test_enemy_anima_love,sample_despair,1
test_enemy_anima_anger,sample_fear,1
test_enemy_anima_anger,sample_strike,1
test_enemy_anima_fear,sample_love,1
test_enemy_anima_fear,sample_joy_all,1