id,effectType,conflictGroupId,value,minTurns,maxTurns
attack_up,AttackUp,attack,140,3,3
attack_down,AttackDown,attack,60,3,3
defense_up,DefenseUp,defense,60,3,3
defense_down,DefenseDown,defense,140,3,3
accuracy_evasion_up,AccuracyEvasionUp,accuracy_evasion,130,3,3
accuracy_evasion_down,AccuracyEvasionDown,accuracy_evasion,70,3,3
critical_up,CriticalUp,critical_single,7,3,3
physical_charge,PhysicalCharge,physical_charge,230,0,0
emotion_charge,EmotionCharge,emotion_charge,230,0,0
physical_barrier,PhysicalBarrier,physical_barrier,0,0,0
emotion_barrier,EmotionBarrier,emotion_barrier,0,0,0
intoxication,Intoxication,mental_state,0,2,4
berserk,Berserk,mental_state,0,2,4
lethargy,Lethargy,mental_state,0,2,4
panic,Panic,mental_state,0,2,4
charm,Charm,mental_state,0,1,4
thrill,Thrill,mental_state,0,2,2
intimidation,Intimidation,mental_state,0,2,2