skillId,order,effectType,damageType,power,accuracy,hitCount,criticalRate,effectId,applyChance
sample_slash,0,Damage,Slash,100,95,1,0,,100
sample_strike,0,Damage,Strike,100,95,1,0,,100
sample_fire,0,Damage,Anger,90,95,1,0,,100
sample_joy,0,Damage,Joy,90,95,1,0,,100
sample_joy_all,0,Damage,Joy,70,90,1,0,,100
sample_love,0,Damage,Love,90,95,1,0,,100
sample_hatred,0,Damage,Hatred,90,95,1,0,,100
sample_fear,0,Damage,Fear,90,95,1,0,,100
sample_despair,0,Damage,Despair,90,95,1,0,,100
sample_heal,0,Heal,,60,100,1,0,,100
sample_attack_up,0,ApplyEffect,,0,100,1,0,attack_up,100
sample_fear_state,0,ApplyEffect,,0,100,1,0,panic,60
sample_analyze,0,Analyze,,0,100,1,0,,100