id,displayName,useType,costType,cost,targetType
sample_slash,테스트 절단,Active,None,0,OneEnemy
sample_strike,테스트 타격,Active,None,0,OneEnemy
sample_fire,분노 충격,Active,Sp,4,OneEnemy
sample_joy,희열 파동,Active,Sp,4,OneEnemy
sample_joy_all,희열 파장,Active,Sp,8,AllEnemies
sample_love,애정 광선,Active,Sp,4,OneEnemy
sample_hatred,증오 투사,Active,Sp,4,OneEnemy
sample_fear,공포 침식,Active,Sp,4,OneEnemy
sample_despair,절망 파동,Active,Sp,4,OneEnemy
sample_heal,테스트 회복,Active,Sp,3,OneAlly
sample_attack_up,테스트 공격 강화,Active,Sp,6,OneAlly
sample_fear_state,테스트 공포 부여,Active,Sp,5,OneEnemy
sample_critical,테스트 치명타 상승,Passive,None,0,Self
sample_analyze,테스트 분석,Active,Sp,35,OneEnemy