battleUnitId,equipGroupId
test_player,ally_weapon
test_player,common_armor
test_player,common_shoes
test_player,common_accessory
test_ally_love,ally_weapon
test_ally_love,common_armor
test_ally_love,common_shoes
test_ally_love,common_accessory
test_ally_anger,ally_weapon
test_ally_anger,common_armor
test_ally_anger,common_shoes
test_ally_anger,common_accessory
test_ally_fear,ally_weapon
test_ally_fear,common_armor
test_ally_fear,common_shoes
test_ally_fear,common_accessory
test_enemy,enemy_weapon
test_enemy,enemy_armor
test_enemy_love,enemy_weapon
test_enemy_love,enemy_armor
test_enemy_anger,enemy_weapon
test_enemy_anger,enemy_armor
test_enemy_fear,enemy_weapon
test_enemy_fear,enemy_armor